City_ID,City,Country,Date,Lat,Lng,Max Temp,Humidity,Cloudiness,Wind Speed
0,Arraial Do Cabo,BR,2022-09-26 22:14:31,-22.9661,-42.0278,69.76,88,100,10.36
1,Celestun,MX,2022-09-26 22:18:30,20.8667,-90.4,83.91,67,14,13.24
2,Dhankuta,NP,2022-09-26 22:18:30,26.9833,87.3333,63.32,92,40,3.87
3,Clyde River,CA,2022-09-26 22:18:31,70.4692,-68.5914,34.03,100,75,4.61
4,Riosucio,CO,2022-09-26 22:18:32,5.4216,-75.7032,66.42,89,85,2.1
5,Jamestown,US,2022-09-26 22:15:21,42.097,-79.2353,53.02,76,100,12.66
6,Port Alfred,ZA,2022-09-26 22:18:32,-33.5906,26.891,62.19,91,100,8.99
7,Qaanaaq,GL,2022-09-26 22:15:21,77.484,-69.3632,25.18,77,83,6.64
8,Sept-Iles,CA,2022-09-26 22:16:02,50.2001,-66.3821,54.05,88,100,4.61
9,Gao,ML,2022-09-26 22:18:33,16.6362,1.637,96.75,15,38,7.11
10,Brasilia,BR,2022-09-26 22:14:14,-15.7797,-47.9297,77.92,47,0,8.05
11,Vaini,TO,2022-09-26 22:18:34,-21.2,-175.2,78.96,83,75,5.75
12,Umm Lajj,SA,2022-09-26 22:18:34,25.0213,37.2685,88.99,39,5,6.98
13,Broome,US,2022-09-26 22:18:34,42.2506,-75.833,62.33,72,75,11.5
14,Mataura,NZ,2022-09-26 22:18:35,-46.1927,168.8643,49.48,93,100,1.57
15,Puerto Ayora,EC,2022-09-26 22:18:35,-0.7393,-90.3518,73.36,90,96,8.01
16,Punta Arenas,CL,2022-09-26 22:17:31,-53.15,-70.9167,44.71,57,0,17.27
17,Tura,IN,2022-09-26 22:18:36,25.5198,90.2201,72.61,89,98,2.08
18,Busselton,AU,2022-09-26 22:18:36,-33.65,115.3333,48.87,89,2,5.82
19,Geraldton,AU,2022-09-26 22:18:37,-28.7667,114.6,46.81,93,0,4.61
20,Mujiayingzi,CN,2022-09-26 22:18:37,42.1167,118.7833,55.35,50,0,5.08
21,Tasiilaq,GL,2022-09-26 22:18:37,65.6145,-37.6368,41.16,88,100,4.52
22,Hermanus,ZA,2022-09-26 22:18:38,-34.4187,19.2345,56.8,83,72,1.68
23,San Patricio,US,2022-09-26 22:18:38,28.017,-97.5169,95.18,35,10,12.97
24,Fortuna,US,2022-09-26 22:18:39,40.5982,-124.1573,62.98,81,17,5.82
25,Ushuaia,AR,2022-09-26 22:18:39,-54.8,-68.3,40.66,75,40,25.32
26,Mount Gambier,AU,2022-09-26 22:18:40,-37.8333,140.7667,50.72,77,26,8.21
27,Isangel,VU,2022-09-26 22:14:09,-19.55,169.2667,80.71,83,20,2.3
28,Hilo,US,2022-09-26 22:15:29,19.7297,-155.09,85.28,66,0,10.36
29,Tamiahua,MX,2022-09-26 22:18:41,21.2667,-97.45,82.53,70,36,12.44
30,Hobart,AU,2022-09-26 22:14:13,-42.8794,147.3294,54.27,92,75,5.75
31,Bluff,NZ,2022-09-26 22:17:34,-46.6,168.3333,49.8,94,100,3.98
32,Tuktoyaktuk,CA,2022-09-26 22:18:42,69.4541,-133.0374,35.6,69,75,14.97
33,Kautokeino,NO,2022-09-26 22:18:42,69.0125,23.0412,40.93,96,100,11.32
34,Brae,GB,2022-09-26 22:18:42,60.3964,-1.353,46.0,90,100,21.23
35,Carnarvon,AU,2022-09-26 22:18:43,-24.8667,113.6333,63.91,33,1,14.45
36,Severo-Kurilsk,RU,2022-09-26 22:18:43,50.6789,156.125,50.13,79,17,9.08
37,Tacoronte,ES,2022-09-26 22:18:03,28.4769,-16.4102,66.34,97,100,11.5
38,Cape Town,ZA,2022-09-26 22:15:41,-33.9258,18.4232,56.91,78,0,2.3
39,North Platte,US,2022-09-26 22:18:44,41.1239,-100.7654,83.12,27,0,5.99
40,Rikitea,PF,2022-09-26 22:18:45,-23.1203,-134.9692,68.07,58,21,7.65
41,Banmankhi,IN,2022-09-26 22:18:45,25.8833,87.1833,78.55,86,100,3.67
42,Albany,US,2022-09-26 22:18:16,42.6001,-73.9662,62.53,82,48,7.78
43,Ust-Nera,RU,2022-09-26 22:18:46,64.5667,143.2,23.76,95,100,3.56
44,Rio Gallegos,AR,2022-09-26 22:19:46,-51.6226,-69.2181,48.25,31,20,29.93
45,Srednekolymsk,RU,2022-09-26 22:19:47,67.45,153.6833,32.41,65,79,9.13
46,Butaritari,KI,2022-09-26 22:19:47,3.0707,172.7902,82.26,71,24,18.45
47,Ludhiana,IN,2022-09-26 22:19:47,30.9,75.85,72.37,88,0,2.64
48,Bambous Virieux,MU,2022-09-26 22:19:49,-20.3428,57.7575,71.85,64,40,11.5
49,Los Llanos De Aridane,ES,2022-09-26 22:19:49,28.6585,-17.9182,68.13,83,75,18.01
50,Hualmay,PE,2022-09-26 22:19:50,-11.0964,-77.6139,63.91,75,21,10.94
51,Georgetown,MY,2022-09-26 22:19:32,5.4112,100.3354,81.9,87,20,0.0
52,Upernavik,GL,2022-09-26 22:19:50,72.7868,-56.1549,33.35,71,29,4.65
53,Iquique,CL,2022-09-26 22:18:18,-20.2208,-70.1431,60.84,75,38,3.56
54,Ribeira Grande,PT,2022-09-26 22:19:51,38.5167,-28.7,66.6,82,75,9.22
55,Cherskiy,RU,2022-09-26 22:19:51,68.75,161.3,30.45,59,17,3.89
56,Tiksi,RU,2022-09-26 22:19:52,71.6872,128.8694,32.77,91,100,22.24
57,Fairbanks,US,2022-09-26 22:15:02,64.8378,-147.7164,50.22,67,100,5.75
58,Touros,BR,2022-09-26 22:19:18,-5.1989,-35.4608,77.29,76,21,16.22
59,Mar Del Plata,AR,2022-09-26 22:19:52,-38.0023,-57.5575,57.94,91,75,4.61
60,Cidreira,BR,2022-09-26 22:19:53,-30.1811,-50.2056,63.91,84,70,6.4
61,Lompoc,US,2022-09-26 22:19:53,34.6391,-120.4579,89.02,73,40,12.66
62,Yeppoon,AU,2022-09-26 22:19:54,-23.1333,150.7333,74.98,64,36,5.86
63,Aklavik,CA,2022-09-26 22:19:13,68.2191,-135.0107,36.9,73,100,7.78
64,Salta,AR,2022-09-26 22:19:54,-24.7859,-65.4117,73.99,33,0,9.22
65,Khatanga,RU,2022-09-26 22:19:55,71.9667,102.5,25.61,97,95,8.57
66,San Ramon,US,2022-09-26 22:19:55,37.7799,-121.978,89.82,51,0,13.8
67,Bambanglipuro,ID,2022-09-26 22:19:55,-7.95,110.2833,74.59,83,96,4.56
68,Ancud,CL,2022-09-26 22:18:45,-41.8697,-73.8203,47.23,78,28,7.96
69,Pyapon,MM,2022-09-26 22:19:56,16.2833,95.6833,75.38,93,98,3.4
70,Barrow,US,2022-09-26 22:19:57,71.2906,-156.7887,30.22,80,100,14.97
71,Narsaq,GL,2022-09-26 22:19:57,60.9167,-46.05,48.42,93,100,9.93
72,Saskylakh,RU,2022-09-26 22:19:58,71.9167,114.0833,27.03,92,93,11.18
73,Castro,BR,2022-09-26 22:19:58,-24.7911,-50.0119,57.6,98,100,5.53
74,Mehran,IR,2022-09-26 22:19:58,33.1222,46.1646,80.89,20,0,10.0
75,Port Elizabeth,ZA,2022-09-26 22:19:59,-33.918,25.5701,63.1,97,100,17.27
76,Bredasdorp,ZA,2022-09-26 22:19:59,-34.5322,20.0403,54.46,89,65,4.7
77,Provideniya,RU,2022-09-26 22:16:38,64.3833,-173.3,41.36,93,100,11.18
78,Lalas,GR,2022-09-26 22:20:00,37.7167,21.7167,61.3,72,79,3.87
79,Grindavik,IS,2022-09-26 22:20:00,63.8424,-22.4338,40.95,48,75,4.61
80,Saint-Philippe,RE,2022-09-26 22:20:01,-21.3585,55.7679,67.59,74,51,12.15
81,New Norfolk,AU,2022-09-26 22:20:01,-42.7826,147.0587,53.92,87,100,0.51
82,East London,ZA,2022-09-26 22:20:01,-33.0153,27.9116,66.52,92,100,18.23
83,Beringovskiy,RU,2022-09-26 22:20:02,63.05,179.3167,36.84,97,100,20.98
84,San Andres,CO,2022-09-26 22:20:03,12.5847,-81.7006,84.22,79,75,4.61
85,Sao Jose De Ribamar,BR,2022-09-26 22:18:10,-2.5619,-44.0542,82.78,77,1,13.67
86,Atuona,PF,2022-09-26 22:20:03,-9.8,-139.0333,76.41,79,19,19.77
87,Thompson,CA,2022-09-26 22:20:04,55.7435,-97.8558,48.36,40,20,4.61
88,Hit,IQ,2022-09-26 22:20:04,33.6416,42.8251,76.73,14,0,12.01
89,Tingo Maria,PE,2022-09-26 22:20:05,-9.2895,-76.0088,81.59,63,91,1.28
90,Laguna,US,2022-09-26 22:20:05,38.421,-121.4238,96.31,36,0,6.91
91,Qitaihe,CN,2022-09-26 22:20:06,45.8,130.85,47.26,62,0,3.38
92,Raudeberg,NO,2022-09-26 22:21:06,61.9875,5.1352,44.96,1,100,7.11
93,The Valley,AI,2022-09-26 22:20:58,18.217,-63.0578,84.34,74,20,13.8
94,Zabol,AF,2022-09-26 22:21:07,32.25,67.25,63.19,9,0,6.31
95,Dikson,RU,2022-09-26 22:21:07,73.5069,80.5464,32.77,74,94,12.55
96,Klaksvik,FO,2022-09-26 22:21:08,62.2266,-6.589,43.72,94,100,44.25
97,Ajdabiya,LY,2022-09-26 22:21:08,30.7554,20.2263,77.85,48,0,7.65
98,Mandalgovi,MN,2022-09-26 22:21:08,45.7625,106.2708,54.45,22,1,9.91
99,Tuatapere,NZ,2022-09-26 22:21:10,-46.1333,167.6833,54.95,91,100,2.53
100,Aykhal,RU,2022-09-26 22:21:11,66.0,111.5,8.4,99,93,3.56
101,Guerrero Negro,MX,2022-09-26 22:21:11,27.9769,-114.0611,84.22,58,0,11.95
102,Chokurdakh,RU,2022-09-26 22:21:12,70.6333,147.9167,25.09,89,78,11.23
103,Pangnirtung,CA,2022-09-26 22:21:12,66.1451,-65.7125,33.8,69,20,0.0
104,Ponta Do Sol,PT,2022-09-26 22:21:13,32.6667,-17.1,70.43,74,21,8.75
105,Dubuque,US,2022-09-26 22:21:13,42.4833,-90.8668,63.63,36,0,11.5
106,Lebu,CL,2022-09-26 22:21:13,-37.6167,-73.65,52.72,92,100,5.1
107,Sunrise,US,2022-09-26 22:21:14,26.1577,-80.2861,75.22,96,100,9.22
108,Boshan,CN,2022-09-26 22:21:14,36.4833,117.8333,59.56,77,83,1.92
109,Kavaratti,IN,2022-09-26 22:21:15,10.5669,72.642,81.21,73,66,16.64
110,Dickinson,US,2022-09-26 22:21:15,29.4608,-95.0513,94.15,51,0,13.8
111,Esperance,AU,2022-09-26 22:21:16,-33.8667,121.9,49.24,87,0,8.08
112,Juneau,US,2022-09-26 22:21:16,58.3019,-134.4197,60.8,95,100,21.85
113,Christchurch,NZ,2022-09-26 22:20:07,-43.5333,172.6333,64.47,65,100,5.75
114,Chicama,PE,2022-09-26 22:21:17,-7.8447,-79.1469,59.54,72,55,9.93
115,Port Blair,IN,2022-09-26 22:21:17,11.6667,92.75,80.49,81,79,10.47
116,Kodiak,US,2022-09-26 22:21:18,57.79,-152.4072,53.11,58,75,3.44
117,Nesna,NO,2022-09-26 22:21:18,66.1967,13.0213,53.67,76,98,20.47
118,Chuy,UY,2022-09-26 22:21:18,-33.6971,-53.4616,58.53,91,15,3.87
119,Jalu,LY,2022-09-26 22:21:19,29.0331,21.5482,80.6,40,0,7.58
120,Caravelas,BR,2022-09-26 22:21:19,-17.7125,-39.2481,73.4,86,99,7.18
121,Monroe,US,2022-09-26 22:20:21,43.1501,-77.6831,57.96,79,75,21.85
122,Assiniboia,CA,2022-09-26 22:21:20,49.6334,-105.9845,71.38,28,21,12.48
123,Mukhen,RU,2022-09-26 22:21:20,48.1,136.1,45.01,81,13,5.64
124,Adrar,MR,2022-09-26 22:21:21,20.5022,-10.0711,96.24,22,90,8.93
125,Kapaa,US,2022-09-26 22:21:21,22.0752,-159.319,84.52,65,0,10.36
126,Cabo San Lucas,MX,2022-09-26 22:21:17,22.8909,-109.9124,92.5,74,6,7.67
127,Nikolskoye,RU,2022-09-26 22:21:22,59.7035,30.7861,46.29,94,100,2.75
128,Inverell,AU,2022-09-26 22:21:22,-29.7833,151.1167,62.17,71,42,5.01
129,Kinshasa,CD,2022-09-26 22:21:23,-4.3246,15.3215,79.38,66,68,1.83
130,Coquimbo,CL,2022-09-26 22:21:24,-29.9533,-71.3436,56.93,82,0,12.66
131,Callaguip,PH,2022-09-26 22:21:24,18.0714,120.4867,77.02,100,20,2.3
132,Evensk,RU,2022-09-26 22:21:24,61.95,159.2333,37.62,65,24,2.44
133,Nanortalik,GL,2022-09-26 22:21:25,60.1432,-45.2371,45.14,91,100,13.02
134,Soe,ID,2022-09-26 22:21:25,-9.8607,124.284,65.55,73,98,2.86
135,Kaitangata,NZ,2022-09-26 22:21:26,-46.2817,169.8464,57.65,72,100,2.06
136,Ust-Maya,RU,2022-09-26 22:21:26,60.4167,134.5333,34.9,99,100,2.68
137,Mont-Dore,NC,2022-09-26 22:21:27,-22.2833,166.5833,79.0,99,9,6.33
138,Nikolayevsk-Na-Amure,RU,2022-09-26 22:19:17,53.1406,140.73,43.18,86,100,4.85
139,Sabha,LY,2022-09-26 22:21:27,27.0377,14.4283,85.91,22,0,10.98
140,San Vicente,AR,2022-09-26 22:22:28,-26.6167,-54.1333,60.84,95,100,2.1
141,Gainsborough,GB,2022-09-26 22:22:28,53.3833,-0.7667,48.87,87,75,9.22
142,Te Anau,NZ,2022-09-26 22:22:29,-45.4167,167.7167,51.8,95,100,2.77
143,Vardo,NO,2022-09-26 22:22:30,70.3705,31.1107,46.38,87,40,9.22
144,Bethel,US,2022-09-26 22:17:46,41.3712,-73.414,70.16,71,75,0.0
145,Ostrovnoy,RU,2022-09-26 22:19:12,68.0531,39.5131,37.9,80,100,7.63
146,Havoysund,NO,2022-09-26 22:22:31,70.9963,24.6622,46.63,82,45,13.29
147,Seoul,KR,2022-09-26 22:20:02,37.5683,126.9778,60.24,100,55,3.44
148,Yatou,CN,2022-09-26 22:22:31,37.15,122.3833,60.55,82,0,2.77
149,Portland,US,2022-09-26 22:18:58,45.5234,-122.6762,91.33,37,20,4.61
150,Naze,JP,2022-09-26 22:22:32,28.3667,129.4833,77.92,81,75,7.2
151,Yumen,CN,2022-09-26 22:22:34,40.2833,97.2,63.07,19,99,9.82
152,Muromtsevo,RU,2022-09-26 22:21:22,56.3724,75.2418,30.06,76,99,7.52
153,Kayerkan,RU,2022-09-26 22:22:34,69.3497,87.7602,26.53,92,61,6.08
154,Marquelia,MX,2022-09-26 22:22:35,16.5833,-98.8167,83.08,73,79,5.53
155,Huilong,CN,2022-09-26 22:22:35,31.8111,121.655,68.94,75,87,7.11
156,Comandau,RO,2022-09-26 22:22:36,45.7667,26.2667,51.31,94,100,2.44
157,Husavik,IS,2022-09-26 22:22:36,66.0449,-17.3389,38.21,55,25,19.98
158,Yablonovo,RU,2022-09-26 22:22:37,50.8523,37.3574,50.7,79,97,5.5
159,Wanning,CN,2022-09-26 22:22:37,18.8003,110.3967,78.76,89,100,14.32
160,Saint-Augustin,CA,2022-09-26 22:22:38,51.226,-58.6502,53.96,99,100,5.39
161,Ippy,CF,2022-09-26 22:22:38,6.2679,21.2247,68.59,98,100,1.07
162,Huinan,CN,2022-09-26 22:22:38,42.6225,126.2614,54.14,85,0,2.26
163,Barkly West,ZA,2022-09-26 22:22:39,-28.5354,24.5215,61.88,32,77,9.82
164,Port Augusta,AU,2022-09-26 22:22:39,-32.5,137.7667,51.93,66,18,12.19
165,Acarau,BR,2022-09-26 22:17:59,-2.8856,-40.12,78.69,82,58,17.56
166,Mahebourg,MU,2022-09-26 22:22:40,-20.4081,57.7,71.89,64,40,11.5
167,Pisco,PE,2022-09-26 22:19:19,-13.7,-76.2167,63.01,72,75,9.22
168,Nouadhibou,MR,2022-09-26 22:22:41,20.931,-17.0347,78.78,83,20,12.66
169,Deori Khas,IN,2022-09-26 22:22:41,23.4,79.0167,72.91,87,76,1.23
170,Auki,SB,2022-09-26 22:22:42,-8.7676,160.7034,81.75,74,26,0.87
171,Walajapet,IN,2022-09-26 22:22:42,12.9333,79.3833,77.0,70,56,7.02
172,Dunedin,NZ,2022-09-26 22:22:43,-45.8742,170.5036,54.81,84,100,0.83
173,Baherden,TM,2022-09-26 22:22:43,38.4362,57.4316,68.68,40,0,6.15
174,Luderitz,NA,2022-09-26 22:22:44,-26.6481,15.1594,54.46,85,0,4.59
175,Saint George,US,2022-09-26 22:18:36,37.1041,-113.5841,95.43,15,0,5.75
176,Teguise,ES,2022-09-26 22:22:44,29.0605,-13.564,68.22,78,20,9.22
177,Egvekinot,RU,2022-09-26 22:22:45,66.3167,-179.1667,29.41,76,100,14.83
178,Norman Wells,CA,2022-09-26 22:22:45,65.282,-126.8329,41.04,93,75,3.44
179,Bangassou,CF,2022-09-26 22:22:45,4.7413,22.8184,68.92,99,100,5.12
180,Port Lincoln,AU,2022-09-26 22:22:46,-34.7333,135.8667,53.06,64,60,15.55
181,Mayo,US,2022-09-26 22:22:47,38.8876,-76.5119,74.98,61,100,6.91
182,Santa Clara,CU,2022-09-26 22:22:47,22.4,-79.9667,74.86,94,100,11.5
183,Kodinsk,RU,2022-09-26 22:22:48,58.6881,99.1844,26.29,97,12,1.5
184,Calahorra,ES,2022-09-26 22:23:48,42.3051,-1.9652,58.98,76,2,6.42
185,Lerwick,GB,2022-09-26 22:23:49,60.1545,-1.1494,46.4,88,97,22.19
186,Kangaatsiaq,GL,2022-09-26 22:23:49,68.3065,-53.4641,40.26,93,100,8.32
187,Westport,US,2022-09-26 22:23:09,41.1415,-73.3579,72.09,70,0,21.85
188,Nelson Bay,AU,2022-09-26 22:20:40,-32.7167,152.15,65.08,86,97,7.0
189,Olafsvik,IS,2022-09-26 22:23:50,64.8945,-23.7142,44.46,49,90,7.49
190,Nantucket,US,2022-09-26 22:23:50,41.2835,-70.0995,69.91,68,0,11.5
191,Sungurlare,BG,2022-09-26 22:23:51,42.7667,26.7833,63.77,66,96,6.02
192,Lorengau,PG,2022-09-26 22:23:51,-2.0226,147.2712,84.25,68,51,8.99
193,Pital,CO,2022-09-26 22:23:52,2.2665,-75.8044,80.26,60,85,6.06
194,Bathsheba,BB,2022-09-26 22:23:52,13.2167,-59.5167,83.01,83,40,14.97
195,Sao Filipe,CV,2022-09-26 22:23:52,14.8961,-24.4956,77.32,77,60,7.09
196,Fayetteville,US,2022-09-26 22:21:25,35.0527,-78.8784,85.59,43,40,9.22
197,Hithadhoo,MV,2022-09-26 22:23:53,-0.6,73.0833,81.75,74,70,15.37
198,Ukiah,US,2022-09-26 22:23:53,39.1502,-123.2078,95.43,30,0,5.75
199,Hamilton,US,2022-09-26 22:23:54,39.1834,-84.5333,66.88,46,75,17.27
200,Uyuni,BO,2022-09-26 22:23:54,-20.4597,-66.825,49.87,10,0,17.56
201,Hobyo,SO,2022-09-26 22:23:55,5.3505,48.5268,76.5,88,52,16.67
202,Camacha,PT,2022-09-26 22:23:56,33.0833,-16.3333,67.42,64,20,11.5
203,Pinega,RU,2022-09-26 22:23:56,64.7001,43.3936,33.53,85,17,4.79
204,Vila Velha,BR,2022-09-26 22:23:35,-20.3297,-40.2925,73.35,85,75,9.22
205,Consett,GB,2022-09-26 22:23:57,54.854,-1.8316,41.36,90,47,8.48
206,Dali,CN,2022-09-26 22:23:57,25.7,100.1833,58.64,93,23,2.98
207,Mwense,ZM,2022-09-26 22:23:58,-10.3845,28.698,79.03,29,63,1.7
208,Kruisfontein,ZA,2022-09-26 22:23:58,-34.0033,24.7314,60.89,92,100,18.92
209,Rabo De Peixe,PT,2022-09-26 22:23:59,37.8,-25.5833,67.28,75,20,8.05
210,Mount Isa,AU,2022-09-26 22:23:59,-20.7333,139.5,78.57,25,0,12.66
211,Aripuana,BR,2022-09-26 22:24:00,-9.1667,-60.6333,90.45,33,85,1.05
212,Ushtobe,KZ,2022-09-26 22:24:00,45.2514,77.9838,69.06,41,100,9.4
213,Mindelo,CV,2022-09-26 22:24:00,16.8901,-24.9804,78.35,69,20,5.75
214,Mykolayiv,UA,2022-09-26 22:22:09,46.9659,31.9974,61.39,85,83,10.49
215,Airai,TL,2022-09-26 22:24:01,-8.9266,125.4092,59.97,65,36,1.63
216,Andenes,NO,2022-09-26 22:24:02,69.3143,16.1194,49.98,71,0,20.71
217,Quatre Cocos,MU,2022-09-26 22:24:02,-20.2078,57.7625,71.71,66,79,13.78
218,Les Cayes,HT,2022-09-26 22:24:02,18.2,-73.75,82.83,77,40,9.35
219,Shimoda,JP,2022-09-26 22:24:03,34.6667,138.95,70.11,80,5,8.66
220,Fonte Boa,BR,2022-09-26 22:24:03,-2.4959,-66.2662,82.45,67,88,3.2
221,Kudahuvadhoo,MV,2022-09-26 22:24:04,2.6708,72.8944,81.0,77,84,14.18
222,San Cristobal,VE,2022-09-26 22:20:09,7.7669,-72.225,78.98,62,70,5.57
223,Talnakh,RU,2022-09-26 22:24:04,69.4865,88.3972,27.21,82,71,3.24
224,Yellowknife,CA,2022-09-26 22:21:00,62.456,-114.3525,48.72,71,75,10.36
225,Nezhinka,RU,2022-09-26 22:20:11,51.7676,55.3694,48.36,93,75,8.99
226,Adolfo Lopez Mateos,MX,2022-09-26 22:24:05,28.4667,-107.3,65.34,57,84,12.73
227,Sanming,CN,2022-09-26 22:24:06,26.2486,117.6186,72.27,94,14,2.53
228,Praya,CV,2022-09-26 22:25:07,14.9215,-23.5087,77.54,78,20,8.05
229,Constitucion,CL,2022-09-26 22:25:07,-35.3333,-72.4167,55.44,76,97,8.88
230,Pochutla,MX,2022-09-26 22:25:07,15.7432,-96.4661,78.62,76,50,4.97
231,Nayoro,JP,2022-09-26 22:25:08,44.3506,142.4578,56.14,85,63,5.03
232,Leshukonskoye,RU,2022-09-26 22:25:08,64.8989,45.7622,30.9,84,16,4.83
233,Bemidji,US,2022-09-26 22:22:04,47.4736,-94.8803,58.55,51,0,11.5
234,Ossora,RU,2022-09-26 22:25:09,59.2353,163.0719,41.81,67,91,3.04
235,Mapimi,MX,2022-09-26 22:25:10,25.8167,-103.85,76.73,45,89,8.68
236,Kahului,US,2022-09-26 22:25:10,20.8947,-156.47,89.62,57,20,23.02
237,Kabinda,CD,2022-09-26 22:25:11,-6.1333,24.4833,74.52,60,82,3.2
238,Lata,PT,2022-09-26 22:25:11,40.1629,-8.3327,62.82,92,2,1.39
239,Flin Flon,CA,2022-09-26 22:25:11,54.7682,-101.865,58.84,47,40,4.61
240,Puebloviejo,CO,2022-09-26 22:25:12,10.9938,-74.2844,83.03,75,59,6.35
241,Port-Gentil,GA,2022-09-26 22:25:12,-0.7193,8.7815,76.96,88,75,11.5
242,Pangoa,PE,2022-09-26 22:25:13,-12.1167,-73.0,75.79,80,100,3.36
243,La Ronge,CA,2022-09-26 22:25:13,55.1001,-105.2842,66.45,32,20,12.66
244,Anloga,GH,2022-09-26 22:25:14,5.7947,0.8973,76.69,84,95,8.3
245,North Battleford,CA,2022-09-26 22:25:14,52.7834,-108.2847,72.41,37,0,9.22
246,Fort Dodge,US,2022-09-26 22:24:17,42.4975,-94.168,69.78,30,0,10.36
247,Fare,PF,2022-09-26 22:25:15,-16.7,-151.0167,77.88,73,1,13.09
248,Mugur-Aksy,RU,2022-09-26 22:25:16,50.35,90.5,42.84,56,57,5.23
249,Lagoa,PT,2022-09-26 22:25:16,39.05,-27.9833,69.85,68,100,17.4
250,San Borja,BO,2022-09-26 22:25:17,-14.8167,-66.85,91.69,40,76,5.88
251,Waingapu,ID,2022-09-26 22:25:17,-9.6567,120.2641,74.84,82,87,4.54
252,Hasaki,JP,2022-09-26 22:25:17,35.7333,140.8333,70.29,74,0,10.63
253,Copiapo,CL,2022-09-26 22:25:09,-27.3667,-70.3333,53.29,30,3,5.44
254,Bilibino,RU,2022-09-26 22:25:18,68.0546,166.4372,24.64,73,99,2.42
255,Byron Bay,AU,2022-09-26 22:25:19,-28.65,153.6167,69.94,77,92,8.21
256,Buala,SB,2022-09-26 22:25:19,-8.145,159.5921,83.12,69,53,1.01
257,Nemuro,JP,2022-09-26 22:25:20,43.3236,145.575,61.43,82,97,2.46
258,Hami,CN,2022-09-26 22:25:20,42.8,93.45,68.59,23,4,7.2
259,Avarua,CK,2022-09-26 22:25:20,-21.2078,-159.775,77.05,83,75,13.8
260,Kampene,CD,2022-09-26 22:25:21,-3.6,26.6667,74.16,71,70,2.13
261,Birao,CF,2022-09-26 22:25:21,10.2849,22.7882,73.02,90,78,3.98
262,Longyearbyen,SJ,2022-09-26 22:21:25,78.2186,15.6401,42.64,75,40,1.14
263,Utete,TZ,2022-09-26 22:25:22,-7.986,38.758,71.62,87,1,3.6
264,Sakakah,SA,2022-09-26 22:25:22,29.9697,40.2064,81.97,22,0,5.7
265,Murdochville,CA,2022-09-26 22:25:23,48.9583,-65.5006,43.68,99,100,3.8
266,Orlando,US,2022-09-26 22:21:26,28.5383,-81.3792,86.92,66,40,14.97
267,Madarounfa,NE,2022-09-26 22:25:23,13.3087,7.156,83.53,63,61,8.81
268,Varhaug,NO,2022-09-26 22:25:24,58.6147,5.6457,49.89,79,97,15.28
269,Oda,JP,2022-09-26 22:25:25,35.1833,132.5,66.97,89,100,7.4
270,Rundu,NA,2022-09-26 22:25:25,-17.9333,19.7667,75.61,23,87,2.68
271,Leningradskiy,RU,2022-09-26 22:25:25,69.3833,178.4167,31.35,86,100,6.29
272,Beloha,MG,2022-09-26 22:25:26,-25.1667,45.05,71.67,64,0,4.07
273,Noumea,NC,2022-09-26 22:24:41,-22.2763,166.4572,79.0,99,5,7.61
274,Mao,ES,2022-09-26 22:26:27,39.8885,4.2658,66.76,63,0,1.14
275,Belyy Yar,RU,2022-09-26 22:26:27,53.6039,91.3903,40.89,100,75,2.24
276,Praia Da Vitoria,PT,2022-09-26 22:26:27,38.7333,-27.0667,70.05,83,20,13.6
277,Kutum,SD,2022-09-26 22:26:28,14.2,24.6667,83.21,29,83,7.02
278,Kibaya,TZ,2022-09-26 22:26:28,-5.3,36.5667,57.74,84,46,5.86
279,Bar Harbor,US,2022-09-26 22:26:29,44.3876,-68.2039,65.26,83,0,13.8
280,Kavieng,PG,2022-09-26 22:26:29,-2.5744,150.7967,84.04,68,89,13.94
281,Abu Zabad,SD,2022-09-26 22:26:30,12.35,29.25,76.75,67,100,7.85
282,Awjilah,LY,2022-09-26 22:26:30,29.1081,21.2869,80.35,39,0,6.46
283,Lazaro Cardenas,MX,2022-09-26 22:26:30,17.9583,-102.2,83.28,79,99,5.19
284,Lala,PH,2022-09-26 22:26:31,7.9745,123.7458,75.02,94,89,0.49
285,Kununurra,AU,2022-09-26 22:26:31,-15.7667,128.7333,75.18,83,40,0.0
286,Lamu,KE,2022-09-26 22:26:32,-2.2717,40.902,77.22,77,11,13.82
287,Farafangana,MG,2022-09-26 22:26:32,-22.8167,47.8333,67.66,87,1,9.46
288,Poum,NC,2022-09-26 22:26:33,-20.2333,164.0167,76.32,71,0,7.99
289,Finschhafen,PG,2022-09-26 22:26:33,-6.6024,147.8681,82.71,73,8,7.94
290,Namibe,AO,2022-09-26 22:26:33,-15.1961,12.1522,65.59,70,64,5.19
291,Saint Anthony,US,2022-09-26 22:26:34,45.0205,-93.218,64.02,38,0,20.71
292,Solton,RU,2022-09-26 22:26:34,52.8429,86.4787,42.8,95,100,5.55
293,Superior,US,2022-09-26 22:25:00,46.7208,-92.1041,57.76,50,75,14.97
294,Mananara,MG,2022-09-26 22:26:35,-16.1667,49.7667,67.77,92,28,5.7
295,Rawson,AR,2022-09-26 22:26:35,-43.3002,-65.1023,58.73,31,65,25.68
296,Sabancuy,MX,2022-09-26 22:26:36,18.9667,-91.1833,83.5,68,9,11.81
297,Santiago Del Estero,AR,2022-09-26 22:26:36,-27.7951,-64.2615,80.13,25,0,6.02
298,Trapani,IT,2022-09-26 22:26:37,37.8333,12.6667,73.49,73,40,10.36
299,Villazon,BO,2022-09-26 22:26:37,-22.0866,-65.5942,59.52,3,0,20.31
300,Nimaparha,IN,2022-09-26 22:26:37,20.0667,86.0167,77.4,88,91,3.36
301,Erenhot,CN,2022-09-26 22:26:38,43.6475,111.9767,62.28,34,1,15.14
302,Harper,LR,2022-09-26 22:26:38,4.375,-7.7169,76.35,87,97,8.43
303,Maksatikha,RU,2022-09-26 22:23:20,57.797,35.8825,45.36,93,95,2.57
304,Bucerias,MX,2022-09-26 22:26:39,20.75,-105.3333,88.99,79,75,12.66
305,Ilulissat,GL,2022-09-26 22:26:39,69.2167,-51.1,39.22,81,75,2.3
306,Panguna,PG,2022-09-26 22:26:40,-6.3164,155.4848,76.19,77,90,1.99
307,Lubango,AO,2022-09-26 22:25:24,-14.9172,13.4925,65.41,57,99,1.86
308,Parana,AR,2022-09-26 22:26:40,-31.732,-60.5238,71.55,44,0,6.87
309,Zhigansk,RU,2022-09-26 22:26:41,66.7697,123.3711,30.58,97,100,8.14
310,Enid,US,2022-09-26 22:26:37,36.3956,-97.8784,86.16,22,0,4.61
311,Ugoofaaru,MV,2022-09-26 22:26:41,5.6667,73.0,81.75,77,9,16.33
312,Tautira,PF,2022-09-26 22:26:42,-17.7333,-149.15,77.36,77,30,15.1
313,Sinnamary,GF,2022-09-26 22:24:57,5.3833,-52.95,80.4,83,1,14.23
314,Almaznyy,RU,2022-09-26 22:26:43,48.0448,40.045,57.09,78,100,6.51
315,Faanui,PF,2022-09-26 22:26:43,-16.4833,-151.75,78.4,72,7,13.98
316,Borovsk,RU,2022-09-26 22:23:22,55.2064,36.4861,40.21,94,17,2.15
317,Kovdor,RU,2022-09-26 22:26:44,67.5662,30.4758,41.7,97,100,2.48
318,Nome,US,2022-09-26 22:26:44,64.5011,-165.4064,49.1,66,75,11.5
319,Minsk,BY,2022-09-26 22:27:44,53.9,27.5667,46.15,95,19,6.08
320,Bengkulu,ID,2022-09-26 22:25:48,-3.8004,102.2655,74.7,91,79,5.48
321,Barra Patuca,HN,2022-09-26 22:27:45,15.8,-84.2833,83.41,74,100,12.95
322,Iranshahr,IR,2022-09-26 22:27:46,27.2025,60.6848,80.96,42,0,0.92
323,Morant Bay,JM,2022-09-26 22:27:46,17.8815,-76.4093,80.22,84,100,8.9
324,Gat,IL,2022-09-26 22:25:06,31.61,34.7642,79.39,53,0,5.08
325,Kuytun,RU,2022-09-26 22:27:47,54.3419,101.5036,32.45,90,100,3.6
326,Kieta,PG,2022-09-26 22:27:47,-6.2167,155.6333,82.15,76,93,2.71
327,Marshall,US,2022-09-26 22:27:48,34.3834,-86.3333,78.78,39,0,6.91
328,Albacete,ES,2022-09-26 22:25:02,38.8333,-2.0,59.18,72,0,4.61
329,Komsomolskiy,UZ,2022-09-26 22:27:48,40.4272,71.7189,65.12,36,0,4.61
330,Lasa,IT,2022-09-26 22:27:49,46.6166,10.7002,54.48,94,100,3.98
331,La Grande,US,2022-09-26 22:27:49,45.3246,-118.0877,89.02,13,2,7.47
332,Wuchi,CN,2022-09-26 22:27:49,29.3786,103.023,52.07,100,100,1.77
333,Saldanha,ZA,2022-09-26 22:27:50,-33.0117,17.9442,50.05,85,7,5.97
334,Karratha,AU,2022-09-26 22:27:50,-20.7377,116.8463,70.11,26,6,13.94
335,Manzil Salim,TN,2022-09-26 22:27:51,35.8567,8.4765,68.81,65,56,3.11
336,Shache,CN,2022-09-26 22:27:51,38.4167,77.2406,65.71,24,0,6.33
337,Ilo,PE,2022-09-26 22:27:52,-17.6394,-71.3375,60.13,77,1,6.22
338,Linqing,CN,2022-09-26 22:27:52,36.8456,115.7117,61.36,71,100,5.53
339,Griffith,US,2022-09-26 22:27:52,41.5284,-87.4237,64.15,55,75,18.41
340,Huarmey,PE,2022-09-26 22:27:53,-10.0681,-78.1522,64.31,76,48,9.82
341,Nuevo Progreso,MX,2022-09-26 22:27:53,23.1667,-97.95,79.9,69,74,4.0
342,La Rioja,ES,2022-09-26 22:22:54,42.25,-2.5,51.58,89,74,4.79
343,Sobolevo,RU,2022-09-26 22:27:54,54.4299,31.8996,47.62,89,97,5.59
344,Progreso,MX,2022-09-26 22:27:54,21.2833,-89.6667,89.11,67,7,9.86
345,Pasca,CO,2022-09-26 22:27:55,4.3072,-74.3006,68.07,72,22,0.09
346,Oyama,JP,2022-09-26 22:27:55,36.3,139.8,74.59,75,2,2.26
347,Pishin,PK,2022-09-26 22:27:56,30.5803,66.9961,66.87,45,0,3.44
348,Niksic,ME,2022-09-26 22:27:56,42.7731,18.9445,59.67,100,100,3.13
349,Edd,ER,2022-09-26 22:27:56,13.9297,41.6925,90.05,64,46,7.63
350,Suzun,RU,2022-09-26 22:27:57,53.7841,82.3116,38.61,94,100,7.94
351,Vallenar,CL,2022-09-26 22:27:57,-28.5708,-70.7581,70.59,26,40,6.38
352,Ambon,ID,2022-09-26 22:27:58,-3.6954,128.1814,75.34,94,40,6.91
353,Tall Kayf,TR,2022-09-26 22:27:58,37.0833,41.0667,75.24,11,0,5.93
354,La Palma,US,2022-09-26 22:27:58,33.8464,-118.0467,103.1,47,20,9.22
355,Chhatarpur,IN,2022-09-26 22:27:59,24.9,79.6,76.69,80,86,5.37
356,Vila Franca Do Campo,PT,2022-09-26 22:27:32,37.7167,-25.4333,68.2,73,100,9.73
357,Rio Branco,BR,2022-09-26 22:28:00,-9.9747,-67.81,95.61,38,0,4.61
358,Teya,RU,2022-09-26 22:28:00,60.3778,92.6267,24.66,96,90,0.83
359,Boca Do Acre,BR,2022-09-26 22:28:01,-8.7522,-67.3978,93.15,32,59,3.65
360,Gladstone,AU,2022-09-26 22:28:01,-23.85,151.25,73.33,64,75,4.61
361,Aksu,CN,2022-09-26 22:28:02,41.1231,80.2644,67.78,29,0,3.0
362,Rabat,MA,2022-09-26 22:28:02,33.9911,-6.8401,68.16,72,40,3.44
363,Naples,IT,2022-09-26 22:26:42,40.8333,14.25,67.14,95,20,1.14
364,Eenhana,NA,2022-09-26 22:28:03,-17.4667,16.3333,73.71,21,84,7.74
365,Liverpool,GB,2022-09-26 22:24:48,53.4106,-2.9779,53.71,69,40,12.66
366,Xining,CN,2022-09-26 22:29:03,36.6167,101.7667,50.9,64,100,2.84
367,Saint-Joseph,RE,2022-09-26 22:29:04,-21.3667,55.6167,66.58,71,38,11.92
368,Cortez,US,2022-09-26 22:29:04,37.3489,-108.5859,80.04,26,0,4.61
369,Tottori,JP,2022-09-26 22:29:04,35.5,134.2333,66.27,100,75,2.3
370,Santa Rosa,PH,2022-09-26 22:29:05,14.3122,121.1114,80.58,85,99,4.72
371,San Quintin,MX,2022-09-26 22:29:05,30.4833,-115.95,77.09,70,1,16.04
372,Souillac,MU,2022-09-26 22:29:06,-20.5167,57.5167,71.98,64,40,11.5
373,Krasnoselkup,RU,2022-09-26 22:27:56,65.7,82.4667,25.5,84,35,10.45
374,Bukama,CD,2022-09-26 22:29:06,-9.2,25.85,77.14,42,64,1.05
375,Arman,RU,2022-09-26 22:29:07,59.7,150.1667,40.37,61,94,5.77
376,Buesaco,CO,2022-09-26 22:29:07,1.3902,-77.1598,68.49,63,43,1.41
377,Mmathubudukwane,BW,2022-09-26 22:29:08,-24.6,26.4333,72.37,25,0,5.39
378,Pevek,RU,2022-09-26 22:29:08,69.7008,170.3133,29.75,74,45,3.58
379,Timra,SE,2022-09-26 22:29:08,62.487,17.3257,53.67,93,100,19.57
380,Yuksekova,TR,2022-09-26 22:29:09,37.5736,44.2872,44.35,65,0,1.14
381,Manono,CD,2022-09-26 22:29:09,-7.3,27.4167,83.17,33,63,0.45
382,Srisailam,IN,2022-09-26 22:29:10,16.0833,78.8667,70.79,96,90,2.51
383,Coahuayana,MX,2022-09-26 22:29:10,18.7333,-103.6833,86.58,73,74,4.99
384,Alta Floresta,BR,2022-09-26 22:29:10,-9.8756,-56.0861,84.02,61,75,11.5
385,Ambilobe,MG,2022-09-26 22:29:11,-13.2,49.05,68.47,65,0,6.71
386,Codrington,AU,2022-09-26 22:25:09,-38.2667,141.9667,52.65,94,100,15.41
387,Kisangani,CD,2022-09-26 22:29:12,0.5167,25.2,72.54,83,96,2.26
388,Kapit,MY,2022-09-26 22:29:13,2.0167,112.9333,73.51,99,100,1.25
389,Marystown,CA,2022-09-26 22:29:13,47.1666,-55.1483,58.86,100,100,5.99
390,Deputatskiy,RU,2022-09-26 22:29:13,69.3,139.9,19.44,97,100,3.8
391,Bac Lieu,VN,2022-09-26 22:29:14,9.285,105.7244,77.43,90,100,7.31
392,Zhanaozen,KZ,2022-09-26 22:29:14,43.3,52.8,61.52,44,0,8.12
393,Lakeside,US,2022-09-26 22:29:15,30.13,-81.7682,91.58,59,75,6.91
394,Balakhta,RU,2022-09-26 22:29:15,55.38,91.6,31.5,89,100,4.92
395,Koson,UZ,2022-09-26 22:29:16,39.0375,65.585,57.52,37,0,14.36
396,Ulaangom,MN,2022-09-26 22:29:16,49.9811,92.0667,55.36,35,100,2.51
397,Polunochnoye,RU,2022-09-26 22:29:17,60.8697,60.4153,24.28,86,50,4.21
398,Hovd,MN,2022-09-26 22:29:18,48.0056,91.6419,55.78,36,81,8.39
399,Eyrarbakki,IS,2022-09-26 22:29:18,63.863,-21.1481,41.05,49,81,6.93
400,Sao Joao Da Barra,BR,2022-09-26 22:29:19,-21.6403,-41.0511,73.49,83,45,16.64
401,Bourail,NC,2022-09-26 22:29:19,-21.5667,165.4833,77.14,66,20,5.23
402,La Libertad,EC,2022-09-26 22:28:34,-2.2333,-80.9,71.26,78,100,13.8
403,Clarence Town,AU,2022-09-26 22:29:20,-32.5833,151.7833,60.98,76,84,2.48
404,Waitati,NZ,2022-09-26 22:29:20,-45.75,170.5667,54.81,84,100,0.89
405,Nicoya,CR,2022-09-26 22:29:21,10.1483,-85.452,76.89,90,95,2.91
406,Sola,VU,2022-09-26 22:29:21,-13.8833,167.55,81.21,72,3,10.67
407,Lashio,MM,2022-09-26 22:29:21,22.9333,97.75,66.43,98,52,0.31
408,Port Hawkesbury,CA,2022-09-26 22:29:22,45.6169,-61.3485,63.9,98,100,10.0
409,Causapscal,CA,2022-09-26 22:29:22,48.3542,-67.227,53.56,99,100,3.24
410,Doctor Arroyo,MX,2022-09-26 22:29:23,23.6667,-100.1833,65.55,68,94,5.61
411,Mayumba,GA,2022-09-26 22:29:23,-3.432,10.6554,75.6,87,90,5.3
412,Qaqortoq,GL,2022-09-26 22:29:12,60.7167,-46.0333,44.58,92,100,16.98
413,Lodja,CD,2022-09-26 22:30:24,-3.4833,23.4333,68.97,95,83,2.39
414,Honningsvag,NO,2022-09-26 22:30:25,70.9821,25.9704,46.15,76,49,11.5
415,Avera,US,2022-09-26 22:30:26,33.194,-82.5271,83.71,34,20,9.48
416,Nianzishan,CN,2022-09-26 22:30:27,47.5167,122.8833,43.83,70,10,2.77
417,Elizabethton,US,2022-09-26 22:30:27,36.3487,-82.2107,71.62,49,0,4.61
418,Moose Factory,CA,2022-09-26 22:30:28,51.2585,-80.6094,51.8,82,100,10.36
419,Privolzhye,RU,2022-09-26 22:30:29,52.8649,48.6044,45.32,90,96,5.84
420,Esil,KZ,2022-09-26 22:30:30,51.9556,66.4042,51.66,62,100,14.63
421,Sherpur,BD,2022-09-26 22:30:30,25.0188,90.0175,78.04,83,92,1.32
422,Port Hedland,AU,2022-09-26 22:30:30,-20.3167,118.5667,69.85,23,10,8.05
423,Banda Aceh,ID,2022-09-26 22:30:31,5.5577,95.3222,78.49,76,100,14.14
424,Alegrete,BR,2022-09-26 22:26:14,-29.7831,-55.7919,65.08,64,0,5.84
425,Bulungu,CD,2022-09-26 22:30:31,-4.55,18.6,71.78,90,64,3.36
426,Tondano,ID,2022-09-26 22:30:32,1.3038,124.9112,68.09,74,99,2.42
427,Pielesti,RO,2022-09-26 22:30:32,44.3333,23.95,60.48,100,75,2.3
428,Kiunga,PG,2022-09-26 22:30:33,-6.1219,141.2906,73.38,95,100,0.74
429,Alappuzha,IN,2022-09-26 22:30:33,9.49,76.3264,77.0,84,23,10.49
430,Vilhena,BR,2022-09-26 22:30:34,-12.7406,-60.1458,77.22,69,40,16.11
431,Indramayu,ID,2022-09-26 22:30:34,-6.3264,108.32,79.11,70,56,9.73
432,Xuddur,SO,2022-09-26 22:26:22,4.1213,43.8894,75.51,72,50,16.46
433,Huambo,AO,2022-09-26 22:30:35,-12.7761,15.7392,66.65,60,95,3.87
434,Asau,RO,2022-09-26 22:30:35,46.4333,26.4,58.28,92,100,3.18
435,Santiago,CL,2022-09-26 22:30:36,-33.4569,-70.6483,64.54,54,40,13.8
436,Alofi,NU,2022-09-26 22:30:36,-19.0595,-169.9187,73.29,100,100,5.75
437,College,US,2022-09-26 22:30:37,64.8569,-147.8028,50.2,67,100,5.75
438,Victoria,HK,2022-09-26 22:30:37,22.2855,114.1577,84.38,75,59,11.99
439,Lethem,GY,2022-09-26 22:30:37,3.3803,-59.7968,81.45,70,97,3.42
440,Chokwe,MZ,2022-09-26 22:30:38,-24.5333,32.9833,76.21,62,2,8.16
441,Sorsk,RU,2022-09-26 22:30:38,54.0033,90.2467,33.04,98,100,2.26
442,Sitka,US,2022-09-26 22:30:39,57.0531,-135.33,60.69,82,100,24.16
443,Rafaela,AR,2022-09-26 22:28:39,-31.2503,-61.4867,70.99,25,0,1.01
444,Bardiyah,LY,2022-09-26 22:30:39,31.7561,25.0865,74.44,81,0,5.55
445,Katsuura,JP,2022-09-26 22:30:40,35.1333,140.3,74.14,73,1,11.9
446,Manadhoo,MV,2022-09-26 22:30:40,5.7667,73.3833,81.7,77,12,17.02
447,Shangrao,CN,2022-09-26 22:30:41,28.4532,117.9686,71.06,78,36,5.06
448,Dhidhdhoo,MV,2022-09-26 22:27:25,6.8833,73.1,82.47,72,34,17.4
449,Baykit,RU,2022-09-26 22:30:41,61.67,96.37,24.42,90,66,1.14
450,Tan An,VN,2022-09-26 22:30:42,10.5333,106.4167,73.42,96,100,3.94
451,Oriximina,BR,2022-09-26 22:30:42,-1.7656,-55.8661,82.62,60,29,4.29
452,Phan Thiet,VN,2022-09-26 22:30:43,10.9333,108.1,76.37,84,100,10.8
453,Puerto Escondido,MX,2022-09-26 22:30:43,15.85,-97.0667,81.43,57,100,5.75
454,Horodnytsya,UA,2022-09-26 22:30:44,50.807,27.3168,51.48,98,100,3.76
455,Newala,TZ,2022-09-26 22:30:44,-10.9431,39.2787,62.82,94,8,6.02
456,Pontianak,ID,2022-09-26 22:30:45,-0.0333,109.3333,75.18,88,75,2.3
457,Tecoanapa,MX,2022-09-26 22:30:45,16.5167,-98.75,82.76,71,76,5.23
458,Camana,PE,2022-09-26 22:30:45,-16.6228,-72.7111,61.21,77,21,8.25
459,Santa Isabel,BR,2022-09-26 22:31:46,-23.3156,-46.2214,61.9,95,98,3.13
460,Cortes,ES,2022-09-26 22:31:46,41.9395,-1.4396,60.85,74,3,8.25
461,Sesori,SV,2022-09-26 22:31:47,13.7167,-88.3667,86.36,96,75,3.2
462,Malatya,TR,2022-09-26 22:31:47,38.5,38.0,46.45,40,0,5.75
463,Pa Sang,TH,2022-09-26 22:31:47,18.5262,98.9394,75.4,97,67,1.52
464,Tarabha,IN,2022-09-26 22:31:48,20.7333,83.65,75.11,91,61,1.92
465,Luneville,FR,2022-09-26 22:31:48,48.6,6.5,51.69,91,97,14.27
466,Cayenne,GF,2022-09-26 22:30:06,4.9333,-52.3333,82.44,78,0,5.75
467,Verkhnevilyuysk,RU,2022-09-26 22:31:49,63.4453,120.3167,30.04,93,100,4.63
468,Mwinilunga,ZM,2022-09-26 22:31:49,-11.7358,24.4293,70.84,37,98,1.54
469,Krynychky,UA,2022-09-26 22:31:50,48.3755,34.467,57.27,81,100,8.66
470,Puerto Carreno,CO,2022-09-26 22:29:20,6.189,-67.4859,87.06,65,33,3.94
471,Obera,AR,2022-09-26 22:31:50,-27.4871,-55.1199,62.38,82,14,0.47
472,Palauig,PH,2022-09-26 22:31:51,15.435,119.9045,81.36,79,100,9.57
473,Tual,ID,2022-09-26 22:31:51,-5.6667,132.75,81.57,78,98,2.77
474,Benin,BJ,2022-09-26 22:30:57,9.5,2.25,71.55,97,100,3.36
475,Cockburn Town,TC,2022-09-26 22:27:02,21.4612,-71.1419,82.78,81,82,19.28
476,Matucana,PE,2022-09-26 22:31:52,-11.85,-76.4,62.82,53,55,4.59
477,Antalaha,MG,2022-09-26 22:31:53,-14.9003,50.2788,67.15,91,28,7.56
478,Kamenka,RU,2022-09-26 22:31:54,51.3223,42.7678,51.01,59,100,4.56
479,Faya,SA,2022-09-26 22:31:54,18.3851,42.4509,66.31,29,1,5.55
480,Usinsk,RU,2022-09-26 22:31:54,65.9939,57.5281,29.25,73,100,6.51
481,Bama,NG,2022-09-26 22:31:55,11.5221,13.6856,77.16,79,79,7.25
482,Riyadh,SA,2022-09-26 22:31:55,24.6877,46.7219,80.74,25,0,6.44
483,Narrabri,AU,2022-09-26 22:31:56,-30.3167,149.7833,62.53,71,19,1.99
484,Bumba,CD,2022-09-26 22:31:56,2.1833,22.4667,70.7,97,95,0.89
485,Basco,PH,2022-09-26 22:31:57,20.4487,121.9702,82.36,80,34,19.24
486,Iqaluit,CA,2022-09-26 22:31:57,63.7506,-68.5145,42.53,70,75,16.11
487,Petropavlovsk-Kamchatskiy,RU,2022-09-26 22:31:18,53.0452,158.6483,46.99,93,100,6.71
488,San Juan,AR,2022-09-26 22:31:08,-31.5375,-68.5364,69.28,23,38,11.59
489,Mitsamiouli,KM,2022-09-26 22:31:58,-11.3847,43.2844,75.27,76,5,11.01
490,Vonyarcvashegy,HU,2022-09-26 22:31:58,46.7574,17.3117,56.82,100,13,0.0
491,Onoda,JP,2022-09-26 22:31:59,34.0014,131.1836,71.62,94,75,10.36
492,Vengerovo,RU,2022-09-26 22:31:59,55.6848,76.7471,31.78,83,100,9.91
493,Neuquen,AR,2022-09-26 22:30:22,-38.9516,-68.0591,67.89,28,0,11.5
494,Alice Springs,AU,2022-09-26 22:30:14,-23.7,133.8833,58.55,68,100,9.22
495,Chapais,CA,2022-09-26 22:32:00,49.7834,-74.8492,55.18,65,96,2.86
496,Dayong,CN,2022-09-26 22:32:01,25.0209,118.2898,76.28,81,66,3.69
497,Padang,ID,2022-09-26 22:32:01,-0.9492,100.3543,76.89,89,99,2.95
498,Koulikoro,ML,2022-09-26 22:32:01,14.0,-7.75,78.75,70,91,10.58
499,Calape,PH,2022-09-26 22:32:02,9.8922,123.8748,78.78,74,97,5.21
500,Barcelos,PT,2022-09-26 22:32:02,41.5388,-8.6151,63.84,73,1,6.38
501,Salalah,OM,2022-09-26 22:32:03,17.0151,54.0924,78.89,94,75,9.22
502,Umm Kaddadah,SD,2022-09-26 22:32:03,13.6017,26.6876,83.17,44,44,14.61
503,Mbamba,NG,2022-09-26 22:32:04,9.9833,13.1,71.02,95,68,5.73
504,Manzhouli,CN,2022-09-26 22:32:04,49.6,117.4333,38.64,59,53,5.03
505,Pastavy,BY,2022-09-26 22:33:05,55.1168,26.8326,44.46,95,49,6.22
506,Abalak,RU,2022-09-26 22:33:05,58.1286,68.5944,25.88,82,14,8.99
507,Nagorsk,RU,2022-09-26 22:33:06,59.3172,50.8078,33.93,81,86,8.93
508,Yar-Sale,RU,2022-09-26 22:33:06,66.8333,70.8333,27.91,90,65,12.48
509,Cosala,MX,2022-09-26 22:33:07,24.4125,-106.6908,87.51,58,13,3.78
510,Sungaipenuh,ID,2022-09-26 22:33:07,-2.0833,101.3833,63.99,95,72,1.28
511,Vao,NC,2022-09-26 22:33:07,-22.6667,167.4833,72.48,79,0,4.81
512,Turayf,SA,2022-09-26 22:33:08,31.6725,38.6637,71.85,30,0,6.91
513,Pueblo Nuevo,MX,2022-09-26 22:33:08,23.3833,-105.3833,67.32,70,61,2.39
514,Taltal,CL,2022-09-26 22:33:09,-25.4,-70.4833,59.04,70,17,3.74
515,Kenai,US,2022-09-26 22:33:09,60.5544,-151.2583,53.02,73,75,5.75
516,Solone,UA,2022-09-26 22:33:10,48.2081,34.8721,56.97,91,100,7.72
517,Sungairaya,ID,2022-09-26 22:33:10,0.7,108.9,77.02,88,100,3.74
518,Salamanca,ES,2022-09-26 22:33:10,40.8333,-6.0,52.0,46,1,4.21
519,Portree,GB,2022-09-26 22:33:11,57.4129,-6.1942,46.53,87,80,17.02
520,Marawi,PH,2022-09-26 22:28:35,7.9986,124.2928,69.62,86,97,4.99
521,Tiznit,MA,2022-09-26 22:30:28,29.5833,-9.5,67.55,75,68,2.62
522,Campos Belos,BR,2022-09-26 22:33:12,-13.0367,-46.7717,79.75,38,56,6.29
523,Boone,US,2022-09-26 22:33:12,39.0334,-92.3335,72.81,27,43,11.14
524,Paamiut,GL,2022-09-26 22:33:13,61.994,-49.6678,43.34,93,100,32.1
525,Kedrovyy,RU,2022-09-26 22:33:13,56.1667,91.8167,27.01,97,99,3.83
526,Ribeira Brava,PT,2022-09-26 22:33:14,32.65,-17.0667,70.43,76,21,9.19
527,Amos,CA,2022-09-26 22:33:14,48.5669,-78.1162,49.42,94,99,2.66
528,Beipiao,CN,2022-09-26 22:33:15,41.7919,120.7792,59.47,70,0,1.32
529,Ahtopol,BG,2022-09-26 22:33:15,42.1,27.95,69.73,57,96,14.81
530,Ryazan,RU,2022-09-26 22:33:16,54.6197,39.74,40.93,93,30,4.92
531,Mackay,AU,2022-09-26 22:30:31,-21.15,149.2,77.68,65,2,4.41
532,Denpasar,ID,2022-09-26 22:33:16,-8.65,115.2167,74.86,88,20,3.44
533,San Giovanni In Fiore,IT,2022-09-26 22:33:17,39.2633,16.6996,57.78,88,100,6.44
534,Nileshwar,IN,2022-09-26 22:33:17,12.25,75.1,76.98,88,83,8.1
535,Porbandar,IN,2022-09-26 22:33:17,21.6422,69.6093,78.84,71,23,6.24
536,Palana,RU,2022-09-26 22:33:12,59.1167,159.9667,40.84,59,0,5.17
537,Vestmannaeyjar,IS,2022-09-26 22:33:18,63.4427,-20.2734,43.11,52,60,16.58
538,Buraydah,SA,2022-09-26 22:33:19,26.326,43.975,75.65,26,0,6.96
539,San Policarpo,PH,2022-09-26 22:33:19,12.1791,125.5072,78.89,84,94,2.84
540,Ola,RU,2022-09-26 22:33:19,59.5833,151.2833,42.06,59,78,9.71
541,Tudela,ES,2022-09-26 22:33:20,42.0617,-1.6045,58.1,75,2,6.33
542,Ananas,HT,2022-09-26 22:33:20,19.2466,-71.9557,77.23,73,98,4.18
543,Beyneu,KZ,2022-09-26 22:33:21,45.3167,55.2,58.26,68,66,5.64
544,Torbay,CA,2022-09-26 22:33:21,47.6666,-52.7314,62.28,92,100,18.41
545,Russell,US,2022-09-26 22:33:21,32.3502,-85.1999,84.18,32,0,9.22
546,Marathon,US,2022-09-26 22:33:22,44.9,-89.7668,54.64,73,75,6.91
547,Kualakapuas,ID,2022-09-26 22:33:22,-3.0091,114.3876,74.71,90,100,2.13
548,Tuy Hoa,VN,2022-09-26 22:33:23,13.0833,109.3,75.7,88,100,13.98
549,Andra,RU,2022-09-26 22:34:23,62.5147,65.8878,27.68,86,98,6.13
550,Aborlan,PH,2022-09-26 22:34:24,9.4352,118.5492,77.07,85,100,3.62
